{
	"animations": [
		{
			"offsets": [
				0,
				0
			],
			"cameraOffset": [
				0,
				0
			],
			"loop": false,
			"fps": 24,
			"anim": "idle",
			"indices": [],
			"name": "ElIdleSMALL"
		},
		{
			"offsets": [
				57,
				23
			],
			"cameraOffset": [
				-30,
				0
			],
			"loop": false,
			"fps": 24,
			"anim": "singLEFT",
			"indices": [],
			"name": "ElLeftSMALL"
		},
		{
			"offsets": [
				10,
				-46
			],
			"cameraOffset": [
				0,
				30
			],
			"loop": false,
			"fps": 24,
			"anim": "singDOWN",
			"indices": [],
			"name": "ElDownSMALL"
		},
		{
			"offsets": [
				-8,
				3
			],
			"cameraOffset": [
				30,
				0
			],
			"loop": false,
			"fps": 24,
			"anim": "singRIGHT",
			"indices": [],
			"name": "ElRightSMALL"
		},
		{
			"offsets": [
				-20,
				50
			],
			"cameraOffset": [
				0,
				-30
			],
			"loop": false,
			"fps": 24,
			"anim": "singUP",
			"indices": [],
			"name": "ElUpSMALL"
		}
	],
	"no_antialiasing": false,
	"image": "characters/Lookalike_Assets",
	"position": [
		270,
		510
	],
	"healthicon": "dad",
	"flip_x": false,
	"healthbar_colors": [
		175,
		102,
		206
	],
	"camera_position": [
		-270,
		-650
	],
	"sing_duration": 6.1,
	"scale": 1.54
}